,index,rounds,player1,player2
0,0,round_of_32_0,Himanshu Baghel_Sudhansh Sharma_red,qualifiers_9
1,1,round_of_32_1,Piyush Kumar_Shubham Taluja_blue,Pankaj Kumar_Sharma	Pranjal_white
2,2,round_of_32_2,Yash Mishra_Saivikas Killamsetty_red,qualifiers_7
3,3,round_of_32_3,qualifiers_0,Aditya_Sri Harsha KM_white
4,4,round_of_32_4,qualifiers_10,qualifiers_5
5,5,round_of_32_5,qualifiers_2,CHIRANJIB_Eshwer Gowda_white
6,6,round_of_32_6,qualifiers_12,prateek_ronak_black
7,7,round_of_32_7,qualifiers_4,Jasmeet_Abhishek Garhia_white
8,8,round_of_32_8,Harish A_Shubh Mehrotra_blue,Saurabh Singh_HariKrishna_white
9,9,round_of_32_9,China_Verghese Kurien_red,qualifiers_8
10,10,round_of_32_10,Kartikeya Gupta_Apurv Singhal_blue,Praveen Mishra_Kunal Verma_white
11,11,round_of_32_11,Durgaprasad_Lokeshkumar_red,qualifiers_6
12,12,round_of_32_12,qualifiers_1,Srujan Chinthala_Naval_white
13,13,round_of_32_13,qualifiers_11,srikar_daya_black
14,14,round_of_32_14,qualifiers_3,Ayush_Mayur_white
15,15,round_of_32_15,qualifiers_13,utkarsh_anshul_black
