,index,rounds,player1,player2
0,0,round_of_64_0,Himanshu Baghel_red,qualifiers_18
1,1,round_of_64_1,Srikar Reddy_black,qualifiers_25
2,2,round_of_64_2,Abhishek Siroha_red,qualifiers_16
3,3,round_of_64_3,Ronak Wani_black,Praveen Mishra_white
4,4,round_of_64_4,Spandan_red,qualifiers_14
5,5,round_of_64_5,Shashi Bhushan_black,Pranjal_white
6,6,round_of_64_6,Yash Mishra_red,qualifiers_12
7,7,round_of_64_7,qualifiers_1,abhijeet_white
8,8,round_of_64_8,Durgaprasad_red,qualifiers_10
9,9,round_of_64_9,qualifiers_3,Aditya_white
10,10,round_of_64_10,Anil Kumar_red,Salil Singla_blue
11,11,round_of_64_11,qualifiers_5,Abhishek Garhia_white
12,12,round_of_64_12,qualifiers_20,Piyush Kumar_blue
13,13,round_of_64_13,qualifiers_7,Mayur_white
14,14,round_of_64_14,qualifiers_22,Shubh Mehrotra_blue
15,15,round_of_64_15,qualifiers_9,Jasmeet_white
16,16,round_of_64_16,Utkarsh Grover_black,qualifiers_26
17,17,round_of_64_17,Sudhansh Sharma_red,qualifiers_17
18,18,round_of_64_18,Anshul Dekate_black,qualifiers_24
19,19,round_of_64_19,Verghese Kurien_red,qualifiers_15
20,20,round_of_64_20,Prateek Singh_black,Srujan Chinthala_white
21,21,round_of_64_21,Prateek Jain_red,qualifiers_13
22,22,round_of_64_22,qualifiers_0,chandra_white
23,23,round_of_64_23,Rishabh Dev Shukla_red,qualifiers_11
24,24,round_of_64_24,qualifiers_2,Sri Harsha KM_white
25,25,round_of_64_25,China_red,Navjeet Singh_blue
26,26,round_of_64_26,qualifiers_4,Naval_white
27,27,round_of_64_27,qualifiers_19,Kartikeya Gupta_blue
28,28,round_of_64_28,qualifiers_6,CHIRANJIB_white
29,29,round_of_64_29,qualifiers_21,Shubham Taluja_blue
30,30,round_of_64_30,qualifiers_8,Ayush_white
31,31,round_of_64_31,qualifiers_23,Harish A_blue
