,index,rounds,player1,player2
0,0,round_of_16_0,khushi_utkarsh_black,qualifiers_4
1,1,round_of_16_1,qualifiers_0,Gowtham Varma_Shivani_white
2,2,round_of_16_2,preeti_prateek_black,Lokeshkumar_Nivedita_red
3,3,round_of_16_3,qualifiers_2,Jasmeet_Ann Marie Augustin_white
4,4,round_of_16_4,Harish A_Mansi Dixit_blue,Abhishek_Kritika Lodha_white
5,5,round_of_16_5,soumya_anshul_black,qualifiers_3
6,6,round_of_16_6,qualifiers_1,Ayush_Samridhi Sood_white
7,7,round_of_16_7,qualifiers_5,China_Pritha Ghosh_red
